{"stats":{"minecraft:picked_up":{"minecraft:raw_iron":2,"minecraft:crafting_table":1,"minecraft:jungle_log":7,"minecraft:leather":1,"minecraft:porkchop":61,"minecraft:oak_log":28,"minecraft:spider_eye":1,"minecraft:dirt":10,"minecraft:bone":1,"minecraft:arrow":1,"minecraft:rotten_flesh":5,"minecraft:wheat_seeds":5,"minecraft:beef":1,"minecraft:bamboo":25,"minecraft:oak_sapling":1,"minecraft:melon_slice":21,"minecraft:mutton":8,"minecraft:coal":43,"minecraft:white_wool":5,"minecraft:cobblestone":65,"minecraft:furnace":2},"minecraft:used":{"minecraft:cooked_mutton":1,"minecraft:stone_sword":22,"minecraft:stone_pickaxe":103,"minecraft:wooden_pickaxe":5,"minecraft:white_wool":1,"minecraft:stone_axe":96,"minecraft:crafting_table":2,"minecraft:furnace":2,"minecraft:cooked_porkchop":11},"minecraft:dropped":{"minecraft:cooked_mutton":7},"minecraft:custom":{"minecraft:time_since_rest":23814,"minecraft:interact_with_furnace":18,"minecraft:sprint_one_cm":90278,"minecraft:damage_taken":956,"minecraft:walk_one_cm":45503,"minecraft:mob_kills":44,"minecraft:drop":2,"minecraft:damage_dealt":4760,"minecraft:swim_one_cm":10247,"minecraft:interact_with_crafting_table":4,"minecraft:fly_one_cm":195395,"minecraft:crouch_one_cm":1512,"minecraft:play_time":23814,"minecraft:sneak_time":552,"minecraft:walk_under_water_one_cm":1065,"minecraft:jump":890,"minecraft:walk_on_water_one_cm":8224,"minecraft:time_since_death":23814,"minecraft:climb_one_cm":2056,"minecraft:total_world_time":23814,"minecraft:fall_one_cm":27219},"minecraft:mined":{"minecraft:furnace":2,"minecraft:iron_ore":2,"minecraft:fire":16,"minecraft:jungle_leaves":3,"minecraft:crafting_table":1,"minecraft:short_grass":7,"minecraft:oak_log":28,"minecraft:grass_block":2,"minecraft:coal_ore":38,"minecraft:melon":4,"minecraft:dirt":8,"minecraft:bamboo":2,"minecraft:stone":65,"minecraft:oak_leaves":8,"minecraft:fern":6},"minecraft:crafted":{"minecraft:oak_planks":20,"minecraft:cooked_porkchop":18,"minecraft:crafting_table":2,"minecraft:stick":8,"minecraft:wooden_pickaxe":1,"minecraft:stone_pickaxe":1,"minecraft:stone_sword":1,"minecraft:furnace":2,"minecraft:stone_axe":1,"minecraft:air":0,"minecraft:cooked_mutton":8},"minecraft:killed":{"minecraft:skeleton":1,"minecraft:sheep":5,"minecraft:zombie":4,"minecraft:pig":32,"minecraft:spider":1,"minecraft:cow":1}},"DataVersion":3955}