{"stats":{"minecraft:picked_up":{"minecraft:leather":1,"minecraft:porkchop":27,"minecraft:oak_log":23,"minecraft:dirt":10,"minecraft:rotten_flesh":5,"minecraft:wheat_seeds":1,"minecraft:beef":1,"minecraft:bamboo":25,"minecraft:oak_sapling":1,"minecraft:melon_slice":21,"minecraft:mutton":8,"minecraft:coal":22,"minecraft:white_wool":5,"minecraft:cobblestone":57},"minecraft:used":{"minecraft:stone_sword":10,"minecraft:stone_pickaxe":75,"minecraft:wooden_pickaxe":5,"minecraft:white_wool":1,"minecraft:stone_axe":52,"minecraft:crafting_table":2,"minecraft:furnace":2,"minecraft:cooked_porkchop":3},"minecraft:custom":{"minecraft:time_since_rest":11814,"minecraft:interact_with_furnace":15,"minecraft:sprint_one_cm":36506,"minecraft:damage_taken":176,"minecraft:walk_one_cm":23596,"minecraft:mob_kills":28,"minecraft:damage_dealt":2749,"minecraft:interact_with_crafting_table":4,"minecraft:fly_one_cm":92657,"minecraft:crouch_one_cm":1288,"minecraft:play_time":11814,"minecraft:sneak_time":447,"minecraft:jump":402,"minecraft:walk_on_water_one_cm":2350,"minecraft:time_since_death":11814,"minecraft:climb_one_cm":88,"minecraft:total_world_time":11814,"minecraft:fall_one_cm":12094},"minecraft:mined":{"minecraft:short_grass":2,"minecraft:oak_log":23,"minecraft:grass_block":2,"minecraft:coal_ore":22,"minecraft:melon":4,"minecraft:dirt":8,"minecraft:bamboo":2,"minecraft:stone":57,"minecraft:oak_leaves":4,"minecraft:fern":4},"minecraft:crafted":{"minecraft:oak_planks":20,"minecraft:cooked_porkchop":18,"minecraft:crafting_table":2,"minecraft:stick":8,"minecraft:wooden_pickaxe":1,"minecraft:stone_pickaxe":1,"minecraft:stone_sword":1,"minecraft:furnace":2,"minecraft:stone_axe":1,"minecraft:air":0,"minecraft:cooked_mutton":8},"minecraft:killed":{"minecraft:sheep":5,"minecraft:zombie":3,"minecraft:pig":18,"minecraft:spider":1,"minecraft:cow":1}},"DataVersion":3955}