{"stats":{"minecraft:picked_up":{"minecraft:crafting_table":4,"minecraft:andesite":1,"minecraft:jungle_log":7,"minecraft:leather":7,"minecraft:potion":1,"minecraft:oak_log":92,"minecraft:shield":3,"minecraft:dirt":15,"minecraft:bone":3,"minecraft:wheat_seeds":18,"minecraft:raw_gold":1,"minecraft:beef":7,"minecraft:glass_bottle":2,"minecraft:iron_pickaxe":2,"minecraft:bamboo":75,"minecraft:melon_slice":63,"minecraft:sugar_cane":9,"minecraft:oak_planks":2,"minecraft:furnace":9,"minecraft:raw_iron":30,"minecraft:cooked_porkchop":67,"minecraft:torch":54,"minecraft:jungle_planks":20,"minecraft:porkchop":61,"minecraft:diorite":1,"minecraft:redstone":6,"minecraft:spider_eye":3,"minecraft:stone_sword":2,"minecraft:arrow":3,"minecraft:rotten_flesh":22,"minecraft:stone_axe":2,"minecraft:granite":1,"minecraft:oak_sapling":2,"minecraft:mutton":8,"minecraft:coal":118,"minecraft:white_wool":13,"minecraft:cobblestone":232},"minecraft:used":{"minecraft:cooked_mutton":1,"minecraft:stone_sword":82,"minecraft:stone_pickaxe":131,"minecraft:oak_planks":1,"minecraft:shield":6,"minecraft:wooden_pickaxe":5,"minecraft:white_wool":1,"minecraft:torch":5,"minecraft:dirt":13,"minecraft:crafting_table":3,"minecraft:iron_pickaxe":81,"minecraft:stone_axe":108,"minecraft:cobblestone":22,"minecraft:furnace":6,"minecraft:cooked_porkchop":28},"minecraft:dropped":{"minecraft:wheat_seeds":3,"minecraft:cooked_mutton":7,"minecraft:shield":3,"minecraft:beef":1,"minecraft:wooden_pickaxe":1},"minecraft:custom":{"minecraft:interact_with_furnace":42,"minecraft:mob_kills":55,"minecraft:interact_with_crafting_table":7,"minecraft:time_since_death":8671,"minecraft:climb_one_cm":5100,"minecraft:time_since_rest":8710,"minecraft:sprint_one_cm":162756,"minecraft:damage_taken":2849,"minecraft:walk_one_cm":84989,"minecraft:damage_blocked_by_shield":270,"minecraft:drop":9,"minecraft:damage_dealt":7317,"minecraft:swim_one_cm":20316,"minecraft:fly_one_cm":322433,"minecraft:crouch_one_cm":3824,"minecraft:play_time":47814,"minecraft:deaths":2,"minecraft:sneak_time":1878,"minecraft:walk_under_water_one_cm":2349,"minecraft:jump":1614,"minecraft:walk_on_water_one_cm":10006,"minecraft:total_world_time":47814,"minecraft:fall_one_cm":48583},"minecraft:broken":{"minecraft:stone_pickaxe":1,"minecraft:stone_axe":1},"minecraft:mined":{"minecraft:jungle_leaves":3,"minecraft:crafting_table":2,"minecraft:granite":1,"minecraft:short_grass":69,"minecraft:grass_block":5,"minecraft:melon":4,"minecraft:cobblestone":3,"minecraft:sugar_cane":1,"minecraft:diorite":1,"minecraft:furnace":5,"minecraft:iron_ore":29,"minecraft:fire":16,"minecraft:andesite":1,"minecraft:coal_ore":62,"minecraft:oak_log":34,"minecraft:dirt":9,"minecraft:bamboo":2,"minecraft:stone":113,"minecraft:gold_ore":1,"minecraft:oak_leaves":10,"minecraft:fern":18},"minecraft:killed_by":{"minecraft:skeleton":1,"minecraft:witch":1},"minecraft:killed":{"minecraft:pig":32,"minecraft:witch":1,"minecraft:spider":1,"minecraft:sheep":5,"minecraft:skeleton":2,"minecraft:zombie":10,"minecraft:cow":4},"minecraft:crafted":{"minecraft:oak_planks":20,"minecraft:cooked_porkchop":52,"minecraft:crafting_table":2,"minecraft:wooden_pickaxe":1,"minecraft:furnace":3,"minecraft:stone_axe":1,"minecraft:cooked_mutton":8,"minecraft:air":0,"minecraft:jungle_planks":28,"minecraft:shield":3,"minecraft:stick":16,"minecraft:iron_ingot":6,"minecraft:iron_pickaxe":1,"minecraft:stone_pickaxe":1,"minecraft:stone_sword":1,"minecraft:torch":28}},"DataVersion":3955}