{"stats":{"minecraft:picked_up":{"minecraft:crafting_table":2,"minecraft:jungle_log":7,"minecraft:leather":1,"minecraft:oak_log":34,"minecraft:shield":1,"minecraft:dirt":11,"minecraft:bone":1,"minecraft:wheat_seeds":8,"minecraft:beef":1,"minecraft:bamboo":25,"minecraft:melon_slice":21,"minecraft:sugar_cane":3,"minecraft:furnace":5,"minecraft:raw_iron":6,"minecraft:porkchop":61,"minecraft:spider_eye":1,"minecraft:arrow":1,"minecraft:rotten_flesh":5,"minecraft:oak_sapling":2,"minecraft:mutton":8,"minecraft:coal":57,"minecraft:white_wool":5,"minecraft:cobblestone":92},"minecraft:used":{"minecraft:cooked_mutton":1,"minecraft:stone_sword":35,"minecraft:stone_pickaxe":131,"minecraft:shield":3,"minecraft:wooden_pickaxe":5,"minecraft:white_wool":1,"minecraft:torch":1,"minecraft:dirt":11,"minecraft:crafting_table":3,"minecraft:iron_pickaxe":9,"minecraft:stone_axe":104,"minecraft:cobblestone":6,"minecraft:furnace":6,"minecraft:cooked_porkchop":17},"minecraft:dropped":{"minecraft:wheat_seeds":3,"minecraft:cooked_mutton":7,"minecraft:shield":3,"minecraft:beef":1,"minecraft:wooden_pickaxe":1},"minecraft:custom":{"minecraft:interact_with_furnace":42,"minecraft:mob_kills":46,"minecraft:interact_with_crafting_table":7,"minecraft:time_since_death":758,"minecraft:climb_one_cm":3696,"minecraft:time_since_rest":785,"minecraft:sprint_one_cm":120375,"minecraft:damage_taken":1704,"minecraft:walk_one_cm":64913,"minecraft:damage_blocked_by_shield":180,"minecraft:drop":9,"minecraft:damage_dealt":5311,"minecraft:swim_one_cm":14826,"minecraft:fly_one_cm":267186,"minecraft:crouch_one_cm":1754,"minecraft:play_time":35814,"minecraft:deaths":1,"minecraft:sneak_time":615,"minecraft:walk_under_water_one_cm":2131,"minecraft:jump":1284,"minecraft:walk_on_water_one_cm":9600,"minecraft:total_world_time":35814,"minecraft:fall_one_cm":39339},"minecraft:broken":{"minecraft:stone_pickaxe":1},"minecraft:mined":{"minecraft:jungle_leaves":3,"minecraft:crafting_table":2,"minecraft:short_grass":62,"minecraft:grass_block":3,"minecraft:melon":4,"minecraft:sugar_cane":1,"minecraft:furnace":5,"minecraft:iron_ore":6,"minecraft:fire":16,"minecraft:coal_ore":41,"minecraft:oak_log":34,"minecraft:dirt":8,"minecraft:bamboo":2,"minecraft:stone":92,"minecraft:oak_leaves":10,"minecraft:fern":16},"minecraft:killed_by":{"minecraft:skeleton":1},"minecraft:killed":{"minecraft:pig":32,"minecraft:spider":1,"minecraft:sheep":5,"minecraft:skeleton":2,"minecraft:zombie":5,"minecraft:cow":1},"minecraft:crafted":{"minecraft:oak_planks":20,"minecraft:cooked_porkchop":52,"minecraft:crafting_table":2,"minecraft:wooden_pickaxe":1,"minecraft:furnace":3,"minecraft:stone_axe":1,"minecraft:cooked_mutton":8,"minecraft:air":0,"minecraft:jungle_planks":28,"minecraft:shield":3,"minecraft:stick":16,"minecraft:iron_ingot":6,"minecraft:iron_pickaxe":1,"minecraft:stone_pickaxe":1,"minecraft:stone_sword":1,"minecraft:torch":28}},"DataVersion":3955}