{"stats":{"minecraft:picked_up":{"minecraft:crafting_table":5,"minecraft:clay_ball":2,"minecraft:andesite":1,"minecraft:jungle_log":7,"minecraft:leather":7,"minecraft:potion":1,"minecraft:oak_log":92,"minecraft:shield":3,"minecraft:dirt":15,"minecraft:bone":6,"minecraft:wheat_seeds":18,"minecraft:cobbled_deepslate":4,"minecraft:raw_gold":4,"minecraft:beef":7,"minecraft:glass_bottle":2,"minecraft:iron_pickaxe":2,"minecraft:bamboo":75,"minecraft:melon_slice":63,"minecraft:sugar_cane":9,"minecraft:oak_planks":2,"minecraft:furnace":11,"minecraft:raw_iron":47,"minecraft:cooked_porkchop":67,"minecraft:torch":54,"minecraft:jungle_planks":20,"minecraft:porkchop":61,"minecraft:diorite":1,"minecraft:redstone":6,"minecraft:spider_eye":3,"minecraft:stone_sword":2,"minecraft:arrow":7,"minecraft:rotten_flesh":24,"minecraft:diamond":6,"minecraft:tropical_fish":1,"minecraft:stone_axe":2,"minecraft:granite":1,"minecraft:oak_sapling":2,"minecraft:mutton":8,"minecraft:coal":133,"minecraft:white_wool":13,"minecraft:cobblestone":232},"minecraft:used":{"minecraft:cooked_mutton":1,"minecraft:stone_sword":110,"minecraft:stone_pickaxe":131,"minecraft:oak_planks":1,"minecraft:shield":25,"minecraft:wooden_pickaxe":5,"minecraft:iron_sword":3,"minecraft:white_wool":1,"minecraft:torch":19,"minecraft:dirt":13,"minecraft:crafting_table":4,"minecraft:diamond_pickaxe":21,"minecraft:iron_axe":1,"minecraft:iron_pickaxe":92,"minecraft:stone_axe":108,"minecraft:cobblestone":27,"minecraft:furnace":8,"minecraft:cooked_porkchop":35},"minecraft:dropped":{"minecraft:wheat_seeds":8,"minecraft:stone_sword":1,"minecraft:cobbled_deepslate":2,"minecraft:rotten_flesh":13,"minecraft:clay_ball":2,"minecraft:granite":1,"minecraft:cooked_mutton":7,"minecraft:tropical_fish":1,"minecraft:dirt":1,"minecraft:shield":3,"minecraft:diorite":1,"minecraft:andesite":1,"minecraft:beef":1,"minecraft:wooden_pickaxe":1,"minecraft:iron_pickaxe":1},"minecraft:custom":{"minecraft:interact_with_furnace":65,"minecraft:mob_kills":62,"minecraft:interact_with_crafting_table":12,"minecraft:leave_game":1,"minecraft:time_since_death":18089,"minecraft:climb_one_cm":5100,"minecraft:time_since_rest":18128,"minecraft:sprint_one_cm":194110,"minecraft:damage_taken":3572,"minecraft:walk_one_cm":103898,"minecraft:damage_blocked_by_shield":1528,"minecraft:drop":22,"minecraft:damage_dealt":8854,"minecraft:swim_one_cm":20316,"minecraft:fly_one_cm":359015,"minecraft:crouch_one_cm":4343,"minecraft:play_time":57232,"minecraft:deaths":2,"minecraft:sneak_time":2016,"minecraft:walk_under_water_one_cm":2349,"minecraft:jump":1863,"minecraft:walk_on_water_one_cm":12146,"minecraft:total_world_time":57232,"minecraft:fall_one_cm":56823},"minecraft:broken":{"minecraft:stone_pickaxe":1,"minecraft:stone_axe":1},"minecraft:mined":{"minecraft:deepslate_diamond_ore":6,"minecraft:jungle_leaves":3,"minecraft:crafting_table":3,"minecraft:granite":1,"minecraft:short_grass":69,"minecraft:grass_block":5,"minecraft:melon":4,"minecraft:cobblestone":3,"minecraft:deepslate_gold_ore":3,"minecraft:sugar_cane":1,"minecraft:diorite":1,"minecraft:furnace":7,"minecraft:iron_ore":29,"minecraft:fire":16,"minecraft:andesite":1,"minecraft:coal_ore":62,"minecraft:oak_log":34,"minecraft:deepslate_iron_ore":19,"minecraft:dirt":9,"minecraft:bamboo":2,"minecraft:stone":113,"minecraft:gold_ore":1,"minecraft:deepslate":2,"minecraft:oak_leaves":10,"minecraft:fern":18},"minecraft:killed_by":{"minecraft:skeleton":1,"minecraft:witch":1},"minecraft:killed":{"minecraft:pig":32,"minecraft:witch":1,"minecraft:spider":1,"minecraft:sheep":5,"minecraft:skeleton":6,"minecraft:zombie":13,"minecraft:cow":4},"minecraft:crafted":{"minecraft:oak_planks":20,"minecraft:cooked_porkchop":52,"minecraft:crafting_table":2,"minecraft:wooden_pickaxe":1,"minecraft:iron_helmet":1,"minecraft:iron_sword":1,"minecraft:furnace":3,"minecraft:stone_axe":1,"minecraft:cooked_mutton":8,"minecraft:air":0,"minecraft:jungle_planks":28,"minecraft:iron_boots":1,"minecraft:iron_chestplate":1,"minecraft:diamond_pickaxe":1,"minecraft:shield":3,"minecraft:iron_axe":1,"minecraft:stick":28,"minecraft:iron_ingot":41,"minecraft:iron_pickaxe":1,"minecraft:stone_pickaxe":1,"minecraft:stone_sword":1,"minecraft:iron_leggings":1,"minecraft:torch":28}},"DataVersion":3955}