{"stats":{"minecraft:picked_up":{"minecraft:cocoa_beans":4,"minecraft:crafting_table":2,"minecraft:chicken":2,"minecraft:jungle_log":26,"minecraft:salmon":4,"minecraft:golden_pickaxe":1,"minecraft:oak_log":4,"minecraft:shield":1,"minecraft:gunpowder":2,"minecraft:dirt":5,"minecraft:string":1,"minecraft:podzol":1,"minecraft:cooked_mutton":7,"minecraft:bone":4,"minecraft:apple":1,"minecraft:wheat_seeds":4,"minecraft:beef":2,"minecraft:azalea":1,"minecraft:bamboo":96,"minecraft:sugar_cane":5,"minecraft:melon_slice":63,"minecraft:egg":1,"minecraft:pumpkin":14,"minecraft:diorite":1,"minecraft:spider_eye":1,"minecraft:stripped_jungle_log":4,"minecraft:arrow":2,"minecraft:rotten_flesh":1,"minecraft:granite":3,"minecraft:gray_wool":1,"minecraft:oak_sapling":2,"minecraft:mutton":4,"minecraft:coal":50,"minecraft:white_wool":2,"minecraft:cobblestone":34},"minecraft:used":{"minecraft:cooked_mutton":4,"minecraft:diorite":1,"minecraft:stone_sword":17,"minecraft:shield":11,"minecraft:wooden_pickaxe":6,"minecraft:dirt":1,"minecraft:mutton":1,"minecraft:crafting_table":2,"minecraft:granite":2,"minecraft:apple":1,"minecraft:stripped_jungle_log":2,"minecraft:melon_slice":4,"minecraft:jungle_log":2,"minecraft:stone_axe":75,"minecraft:cobblestone":18,"minecraft:golden_pickaxe":75},"minecraft:dropped":{"minecraft:granite":1,"minecraft:jungle_planks":44,"minecraft:jungle_log":1,"minecraft:wooden_pickaxe":1,"minecraft:beef":1},"minecraft:broken":{"minecraft:golden_pickaxe":1},"minecraft:custom":{"minecraft:interact_with_furnace":1,"minecraft:mob_kills":10,"minecraft:interact_with_crafting_table":6,"minecraft:time_since_death":3878,"minecraft:climb_one_cm":10836,"minecraft:time_since_rest":3943,"minecraft:sprint_one_cm":158024,"minecraft:damage_taken":1126,"minecraft:walk_one_cm":184302,"minecraft:damage_blocked_by_shield":705,"minecraft:drop":48,"minecraft:damage_dealt":1300,"minecraft:swim_one_cm":7202,"minecraft:fly_one_cm":160942,"minecraft:open_chest":1,"minecraft:play_time":47624,"minecraft:sneak_time":12,"minecraft:deaths":3,"minecraft:walk_under_water_one_cm":1555,"minecraft:jump":1079,"minecraft:walk_on_water_one_cm":11543,"minecraft:total_world_time":47624,"minecraft:fall_one_cm":24781},"minecraft:mined":{"minecraft:jungle_leaves":5,"minecraft:crafting_table":2,"minecraft:granite":2,"minecraft:short_grass":46,"minecraft:grass_block":5,"minecraft:melon":8,"minecraft:jungle_log":26,"minecraft:sugar_cane":4,"minecraft:diorite":1,"minecraft:magma_block":1,"minecraft:pumpkin":7,"minecraft:oak_log":4,"minecraft:coal_ore":49,"minecraft:vine":11,"minecraft:cocoa":2,"minecraft:dirt":1,"minecraft:stripped_jungle_log":4,"minecraft:bamboo":5,"minecraft:stone":7,"minecraft:netherrack":2,"minecraft:oak_leaves":22,"minecraft:fern":1},"minecraft:killed_by":{"minecraft:skeleton":2,"minecraft:zombie":1},"minecraft:crafted":{"minecraft:oak_planks":16,"minecraft:crafting_table":2,"minecraft:wooden_pickaxe":1,"minecraft:stone_axe":2,"minecraft:jungle_planks":72,"minecraft:stick":8,"minecraft:stone_sword":1},"minecraft:killed":{"minecraft:wolf":1,"minecraft:spider":1,"minecraft:sheep":3,"minecraft:skeleton":1,"minecraft:zombie":1,"minecraft:chicken":2,"minecraft:enderman":1}},"DataVersion":3955}