{"stats":{"minecraft:picked_up":{"minecraft:cocoa_beans":4,"minecraft:crafting_table":1,"minecraft:chicken":2,"minecraft:pumpkin":7,"minecraft:jungle_log":20,"minecraft:oak_log":4,"minecraft:spider_eye":1,"minecraft:string":1,"minecraft:dirt":5,"minecraft:cooked_mutton":7,"minecraft:arrow":1,"minecraft:stripped_jungle_log":4,"minecraft:apple":1,"minecraft:wheat_seeds":4,"minecraft:gray_wool":1,"minecraft:bamboo":35,"minecraft:melon_slice":24,"minecraft:sugar_cane":4,"minecraft:mutton":4,"minecraft:white_wool":2,"minecraft:cobblestone":4,"minecraft:egg":1},"minecraft:used":{"minecraft:cooked_mutton":1,"minecraft:apple":1,"minecraft:stripped_jungle_log":2,"minecraft:jungle_log":2,"minecraft:wooden_pickaxe":6,"minecraft:stone_axe":74,"minecraft:dirt":1,"minecraft:mutton":1,"minecraft:crafting_table":1,"minecraft:golden_pickaxe":4},"minecraft:dropped":{"minecraft:jungle_log":1,"minecraft:jungle_planks":44,"minecraft:wooden_pickaxe":1},"minecraft:custom":{"minecraft:time_since_rest":6682,"minecraft:sprint_one_cm":96721,"minecraft:damage_taken":545,"minecraft:walk_one_cm":100681,"minecraft:mob_kills":6,"minecraft:drop":46,"minecraft:damage_dealt":535,"minecraft:swim_one_cm":2227,"minecraft:interact_with_crafting_table":4,"minecraft:fly_one_cm":104423,"minecraft:open_chest":1,"minecraft:deaths":2,"minecraft:play_time":23624,"minecraft:walk_under_water_one_cm":483,"minecraft:jump":649,"minecraft:walk_on_water_one_cm":1292,"minecraft:time_since_death":6612,"minecraft:total_world_time":23624,"minecraft:climb_one_cm":10178,"minecraft:fall_one_cm":14912},"minecraft:mined":{"minecraft:magma_block":1,"minecraft:jungle_leaves":4,"minecraft:pumpkin":7,"minecraft:crafting_table":1,"minecraft:short_grass":37,"minecraft:grass_block":5,"minecraft:oak_log":4,"minecraft:melon":5,"minecraft:cocoa":2,"minecraft:vine":8,"minecraft:jungle_log":20,"minecraft:dirt":1,"minecraft:stripped_jungle_log":4,"minecraft:bamboo":4,"minecraft:stone":4,"minecraft:netherrack":2,"minecraft:sugar_cane":2,"minecraft:oak_leaves":13,"minecraft:fern":1},"minecraft:killed_by":{"minecraft:skeleton":2},"minecraft:crafted":{"minecraft:oak_planks":16,"minecraft:crafting_table":1,"minecraft:stick":4,"minecraft:wooden_pickaxe":1,"minecraft:stone_axe":1,"minecraft:jungle_planks":48},"minecraft:killed":{"minecraft:sheep":3,"minecraft:chicken":2,"minecraft:spider":1}},"DataVersion":3955}