{"stats":{"minecraft:picked_up":{"minecraft:cocoa_beans":4,"minecraft:crafting_table":2,"minecraft:feather":1,"minecraft:chicken":3,"minecraft:jungle_log":65,"minecraft:salmon":4,"minecraft:golden_pickaxe":1,"minecraft:leather":1,"minecraft:oak_log":4,"minecraft:shield":2,"minecraft:gunpowder":2,"minecraft:dirt":37,"minecraft:string":1,"minecraft:podzol":1,"minecraft:cooked_mutton":7,"minecraft:bone":4,"minecraft:apple":1,"minecraft:wheat_seeds":4,"minecraft:beef":5,"minecraft:azalea":1,"minecraft:bamboo":96,"minecraft:sugar_cane":5,"minecraft:melon_slice":63,"minecraft:egg":1,"minecraft:pumpkin":14,"minecraft:porkchop":8,"minecraft:diorite":1,"minecraft:spider_eye":1,"minecraft:stripped_jungle_log":4,"minecraft:stone_sword":1,"minecraft:arrow":2,"minecraft:rotten_flesh":4,"minecraft:stone_axe":1,"minecraft:granite":3,"minecraft:gray_wool":1,"minecraft:oak_sapling":2,"minecraft:mutton":4,"minecraft:coal":50,"minecraft:white_wool":2,"minecraft:cobblestone":37},"minecraft:used":{"minecraft:cooked_mutton":4,"minecraft:diorite":1,"minecraft:stone_sword":55,"minecraft:shield":26,"minecraft:wooden_pickaxe":6,"minecraft:dirt":1,"minecraft:mutton":1,"minecraft:crafting_table":2,"minecraft:granite":2,"minecraft:apple":1,"minecraft:stripped_jungle_log":2,"minecraft:melon_slice":4,"minecraft:jungle_log":2,"minecraft:stone_axe":123,"minecraft:cobblestone":18,"minecraft:beef":1,"minecraft:porkchop":6,"minecraft:golden_pickaxe":75},"minecraft:dropped":{"minecraft:granite":1,"minecraft:jungle_planks":44,"minecraft:jungle_log":1,"minecraft:wooden_pickaxe":1,"minecraft:beef":1},"minecraft:broken":{"minecraft:stone_axe":1,"minecraft:golden_pickaxe":1},"minecraft:custom":{"minecraft:interact_with_furnace":1,"minecraft:mob_kills":18,"minecraft:interact_with_crafting_table":6,"minecraft:leave_game":1,"minecraft:time_since_death":13844,"minecraft:climb_one_cm":13747,"minecraft:time_since_rest":13909,"minecraft:sprint_one_cm":179276,"minecraft:damage_taken":1386,"minecraft:walk_one_cm":254716,"minecraft:damage_blocked_by_shield":1104,"minecraft:drop":48,"minecraft:damage_dealt":2489,"minecraft:swim_one_cm":11430,"minecraft:fly_one_cm":186921,"minecraft:player_kills":2,"minecraft:open_chest":1,"minecraft:crouch_one_cm":580,"minecraft:play_time":57590,"minecraft:sneak_time":244,"minecraft:deaths":3,"minecraft:walk_under_water_one_cm":2954,"minecraft:jump":1353,"minecraft:walk_on_water_one_cm":14223,"minecraft:total_world_time":57590,"minecraft:fall_one_cm":30132},"minecraft:mined":{"minecraft:jungle_leaves":7,"minecraft:crafting_table":2,"minecraft:granite":2,"minecraft:short_grass":53,"minecraft:grass_block":6,"minecraft:melon":8,"minecraft:jungle_log":66,"minecraft:sugar_cane":4,"minecraft:diorite":1,"minecraft:magma_block":1,"minecraft:pumpkin":7,"minecraft:oak_log":4,"minecraft:coal_ore":49,"minecraft:vine":22,"minecraft:cocoa":2,"minecraft:dirt":1,"minecraft:stripped_jungle_log":4,"minecraft:bamboo":5,"minecraft:stone":7,"minecraft:netherrack":2,"minecraft:oak_leaves":23,"minecraft:fern":3},"minecraft:killed_by":{"minecraft:skeleton":2,"minecraft:zombie":1},"minecraft:crafted":{"minecraft:oak_planks":16,"minecraft:crafting_table":2,"minecraft:wooden_pickaxe":1,"minecraft:stone_axe":2,"minecraft:jungle_planks":72,"minecraft:stick":8,"minecraft:stone_sword":1},"minecraft:killed":{"minecraft:wolf":1,"minecraft:pig":4,"minecraft:spider":1,"minecraft:sheep":3,"minecraft:skeleton":1,"minecraft:zombie":1,"minecraft:chicken":3,"minecraft:cow":1,"minecraft:enderman":1}},"DataVersion":3955}