{"stats":{"minecraft:picked_up":{"minecraft:cocoa_beans":3,"minecraft:crafting_table":1,"minecraft:chicken":1,"minecraft:pumpkin":7,"minecraft:jungle_log":20,"minecraft:oak_log":4,"minecraft:spider_eye":1,"minecraft:string":1,"minecraft:dirt":1,"minecraft:stripped_jungle_log":4,"minecraft:apple":1,"minecraft:wheat_seeds":1,"minecraft:gray_wool":1,"minecraft:sugar_cane":4,"minecraft:mutton":4,"minecraft:white_wool":2,"minecraft:cobblestone":4,"minecraft:egg":1},"minecraft:used":{"minecraft:apple":1,"minecraft:stripped_jungle_log":2,"minecraft:jungle_log":2,"minecraft:wooden_pickaxe":6,"minecraft:stone_axe":59,"minecraft:crafting_table":1},"minecraft:dropped":{"minecraft:jungle_log":1,"minecraft:jungle_planks":44,"minecraft:wooden_pickaxe":1},"minecraft:custom":{"minecraft:time_since_rest":11624,"minecraft:sprint_one_cm":50383,"minecraft:damage_taken":20,"minecraft:walk_one_cm":45154,"minecraft:mob_kills":5,"minecraft:drop":46,"minecraft:damage_dealt":496,"minecraft:interact_with_crafting_table":4,"minecraft:fly_one_cm":64377,"minecraft:play_time":11624,"minecraft:jump":334,"minecraft:time_since_death":11624,"minecraft:total_world_time":11624,"minecraft:climb_one_cm":3474,"minecraft:fall_one_cm":8160},"minecraft:mined":{"minecraft:pumpkin":7,"minecraft:crafting_table":1,"minecraft:short_grass":28,"minecraft:grass_block":2,"minecraft:oak_log":4,"minecraft:cocoa":1,"minecraft:vine":6,"minecraft:jungle_log":20,"minecraft:stripped_jungle_log":4,"minecraft:stone":4,"minecraft:sugar_cane":2,"minecraft:oak_leaves":8},"minecraft:crafted":{"minecraft:oak_planks":16,"minecraft:crafting_table":1,"minecraft:stick":4,"minecraft:wooden_pickaxe":1,"minecraft:stone_axe":1,"minecraft:jungle_planks":48},"minecraft:killed":{"minecraft:sheep":3,"minecraft:chicken":1,"minecraft:spider":1}},"DataVersion":3955}