{"stats":{"minecraft:picked_up":{"minecraft:cocoa_beans":4,"minecraft:crafting_table":1,"minecraft:chicken":2,"minecraft:jungle_log":26,"minecraft:salmon":4,"minecraft:golden_pickaxe":1,"minecraft:oak_log":4,"minecraft:shield":1,"minecraft:dirt":5,"minecraft:string":1,"minecraft:cooked_mutton":7,"minecraft:bone":2,"minecraft:apple":1,"minecraft:wheat_seeds":4,"minecraft:beef":2,"minecraft:azalea":1,"minecraft:bamboo":35,"minecraft:sugar_cane":5,"minecraft:melon_slice":48,"minecraft:egg":1,"minecraft:pumpkin":14,"minecraft:diorite":1,"minecraft:spider_eye":1,"minecraft:stripped_jungle_log":4,"minecraft:arrow":1,"minecraft:rotten_flesh":1,"minecraft:granite":3,"minecraft:gray_wool":1,"minecraft:mutton":4,"minecraft:coal":50,"minecraft:white_wool":2,"minecraft:cobblestone":34},"minecraft:used":{"minecraft:cooked_mutton":3,"minecraft:diorite":1,"minecraft:shield":11,"minecraft:wooden_pickaxe":6,"minecraft:dirt":1,"minecraft:mutton":1,"minecraft:crafting_table":1,"minecraft:granite":2,"minecraft:apple":1,"minecraft:stripped_jungle_log":2,"minecraft:jungle_log":2,"minecraft:stone_axe":74,"minecraft:cobblestone":17,"minecraft:golden_pickaxe":75},"minecraft:dropped":{"minecraft:granite":1,"minecraft:jungle_planks":44,"minecraft:jungle_log":1,"minecraft:wooden_pickaxe":1,"minecraft:beef":1},"minecraft:broken":{"minecraft:golden_pickaxe":1},"minecraft:custom":{"minecraft:interact_with_furnace":1,"minecraft:mob_kills":8,"minecraft:interact_with_crafting_table":4,"minecraft:time_since_death":18612,"minecraft:climb_one_cm":10302,"minecraft:time_since_rest":18682,"minecraft:sprint_one_cm":116445,"minecraft:damage_taken":750,"minecraft:walk_one_cm":141786,"minecraft:damage_blocked_by_shield":705,"minecraft:drop":48,"minecraft:damage_dealt":843,"minecraft:swim_one_cm":5112,"minecraft:fly_one_cm":120454,"minecraft:open_chest":1,"minecraft:play_time":35624,"minecraft:sneak_time":12,"minecraft:deaths":2,"minecraft:walk_under_water_one_cm":594,"minecraft:jump":832,"minecraft:walk_on_water_one_cm":7414,"minecraft:total_world_time":35624,"minecraft:fall_one_cm":19471},"minecraft:mined":{"minecraft:jungle_leaves":5,"minecraft:crafting_table":1,"minecraft:granite":2,"minecraft:short_grass":38,"minecraft:grass_block":5,"minecraft:melon":5,"minecraft:jungle_log":26,"minecraft:sugar_cane":4,"minecraft:diorite":1,"minecraft:magma_block":1,"minecraft:pumpkin":7,"minecraft:oak_log":4,"minecraft:coal_ore":49,"minecraft:vine":10,"minecraft:cocoa":2,"minecraft:dirt":1,"minecraft:stripped_jungle_log":4,"minecraft:bamboo":4,"minecraft:stone":7,"minecraft:netherrack":2,"minecraft:oak_leaves":14,"minecraft:fern":1},"minecraft:killed_by":{"minecraft:skeleton":2},"minecraft:killed":{"minecraft:spider":1,"minecraft:sheep":3,"minecraft:skeleton":1,"minecraft:zombie":1,"minecraft:chicken":2},"minecraft:crafted":{"minecraft:oak_planks":16,"minecraft:crafting_table":1,"minecraft:wooden_pickaxe":1,"minecraft:stone_axe":1,"minecraft:jungle_planks":48,"minecraft:stick":4}},"DataVersion":3955}