{"stats":{"minecraft:picked_up":{"minecraft:cocoa_beans":3,"minecraft:crafting_table":4,"minecraft:feather":9,"minecraft:chicken":13,"minecraft:jungle_log":1,"minecraft:salmon":4,"minecraft:golden_pickaxe":1,"minecraft:leather":2,"minecraft:golden_leggings":1,"minecraft:wooden_pickaxe":2,"minecraft:shield":1,"minecraft:gunpowder":2,"minecraft:dirt":36,"minecraft:string":3,"minecraft:wheat_seeds":1,"minecraft:beef":5,"minecraft:azalea":1,"minecraft:bamboo":36,"minecraft:moss_block":2,"minecraft:melon_slice":24,"minecraft:sugar_cane":4,"minecraft:oak_planks":7,"minecraft:furnace":2,"minecraft:egg":1,"minecraft:raw_iron":8,"minecraft:stick":3,"minecraft:pumpkin":7,"minecraft:torch":1,"minecraft:jungle_planks":48,"minecraft:diorite":10,"minecraft:arrow":1,"minecraft:rotten_flesh":9,"minecraft:stone_axe":1,"minecraft:granite":1,"minecraft:bone_meal":1,"minecraft:gray_wool":1,"minecraft:oak_sapling":4,"minecraft:mutton":8,"minecraft:coal":2,"minecraft:white_wool":6,"minecraft:cobblestone":71},"minecraft:used":{"minecraft:moss_block":2,"minecraft:diorite":10,"minecraft:stone_pickaxe":83,"minecraft:wooden_pickaxe":30,"minecraft:cooked_chicken":2,"minecraft:torch":2,"minecraft:dirt":19,"minecraft:crafting_table":3,"minecraft:jungle_planks":4,"minecraft:granite":1,"minecraft:stone_axe":71,"minecraft:furnace":2,"minecraft:cooked_porkchop":9,"minecraft:egg":1,"minecraft:gray_wool":1},"minecraft:dropped":{"minecraft:golden_pickaxe":1,"minecraft:cobblestone":53,"minecraft:salmon":4,"minecraft:melon_slice":24,"minecraft:azalea":1,"minecraft:pumpkin":7},"minecraft:custom":{"minecraft:interact_with_furnace":12,"minecraft:mob_kills":36,"minecraft:interact_with_crafting_table":7,"minecraft:time_since_death":29976,"minecraft:climb_one_cm":4252,"minecraft:time_since_rest":29976,"minecraft:sprint_one_cm":119676,"minecraft:damage_taken":715,"minecraft:walk_one_cm":51617,"minecraft:drop":7,"minecraft:damage_dealt":4434,"minecraft:swim_one_cm":38857,"minecraft:fly_one_cm":156229,"minecraft:open_chest":3,"minecraft:crouch_one_cm":5771,"minecraft:play_time":29976,"minecraft:sneak_time":2133,"minecraft:walk_under_water_one_cm":5010,"minecraft:jump":809,"minecraft:walk_on_water_one_cm":11004,"minecraft:total_world_time":29976,"minecraft:fall_one_cm":17495},"minecraft:mined":{"minecraft:crafting_table":3,"minecraft:granite":1,"minecraft:short_grass":18,"minecraft:grass_block":9,"minecraft:tall_grass":3,"minecraft:cobblestone":1,"minecraft:diorite":10,"minecraft:moss_block":2,"minecraft:wall_torch":1,"minecraft:tall_seagrass":1,"minecraft:furnace":2,"minecraft:iron_ore":8,"minecraft:coal_ore":3,"minecraft:vine":1,"minecraft:dirt":23,"minecraft:azalea":1,"minecraft:stone":44,"minecraft:oak_leaves":3,"minecraft:fern":1},"minecraft:killed":{"minecraft:salmon":5,"minecraft:spider":1,"minecraft:creeper":1,"minecraft:sheep":4,"minecraft:skeleton":1,"minecraft:zombie":11,"minecraft:panda":1,"minecraft:chicken":9,"minecraft:cow":3},"minecraft:crafted":{"minecraft:cooked_porkchop":9,"minecraft:crafting_table":2,"minecraft:cooked_chicken":5,"minecraft:furnace":1,"minecraft:stone_axe":2,"minecraft:air":0,"minecraft:jungle_planks":4,"minecraft:stick":4,"minecraft:stone_pickaxe":1,"minecraft:torch":8}},"DataVersion":3955}