{"stats":{"minecraft:picked_up":{"minecraft:cocoa_beans":3,"minecraft:crafting_table":2,"minecraft:stick":1,"minecraft:feather":9,"minecraft:chicken":9,"minecraft:pumpkin":7,"minecraft:salmon":4,"minecraft:jungle_log":1,"minecraft:golden_pickaxe":1,"minecraft:leather":2,"minecraft:golden_leggings":1,"minecraft:wooden_pickaxe":1,"minecraft:jungle_planks":48,"minecraft:gunpowder":2,"minecraft:string":3,"minecraft:dirt":35,"minecraft:arrow":1,"minecraft:rotten_flesh":9,"minecraft:stone_axe":1,"minecraft:wheat_seeds":1,"minecraft:beef":5,"minecraft:bone_meal":1,"minecraft:gray_wool":1,"minecraft:sugar_cane":4,"minecraft:bamboo":35,"minecraft:oak_sapling":4,"minecraft:melon_slice":24,"minecraft:mutton":8,"minecraft:oak_planks":7,"minecraft:white_wool":6,"minecraft:cobblestone":24,"minecraft:egg":1},"minecraft:used":{"minecraft:stone_pickaxe":31,"minecraft:wooden_pickaxe":30,"minecraft:stone_axe":65,"minecraft:dirt":4,"minecraft:crafting_table":1,"minecraft:furnace":1,"minecraft:cooked_porkchop":9},"minecraft:custom":{"minecraft:time_since_rest":17976,"minecraft:interact_with_furnace":5,"minecraft:sprint_one_cm":88764,"minecraft:damage_taken":715,"minecraft:walk_one_cm":36335,"minecraft:mob_kills":34,"minecraft:damage_dealt":4034,"minecraft:swim_one_cm":20625,"minecraft:interact_with_crafting_table":6,"minecraft:fly_one_cm":131231,"minecraft:open_chest":3,"minecraft:crouch_one_cm":2179,"minecraft:play_time":17976,"minecraft:sneak_time":851,"minecraft:walk_under_water_one_cm":3954,"minecraft:jump":577,"minecraft:walk_on_water_one_cm":6660,"minecraft:time_since_death":17976,"minecraft:total_world_time":17976,"minecraft:climb_one_cm":3349,"minecraft:fall_one_cm":14266},"minecraft:mined":{"minecraft:tall_seagrass":1,"minecraft:crafting_table":1,"minecraft:short_grass":12,"minecraft:grass_block":9,"minecraft:vine":1,"minecraft:dirt":22,"minecraft:stone":24,"minecraft:oak_leaves":3,"minecraft:fern":1},"minecraft:crafted":{"minecraft:cooked_porkchop":9,"minecraft:crafting_table":2,"minecraft:stick":4,"minecraft:cooked_chicken":2,"minecraft:stone_pickaxe":1,"minecraft:furnace":1,"minecraft:stone_axe":1,"minecraft:air":0,"minecraft:jungle_planks":4},"minecraft:killed":{"minecraft:sheep":4,"minecraft:skeleton":1,"minecraft:zombie":10,"minecraft:chicken":9,"minecraft:salmon":5,"minecraft:spider":1,"minecraft:cow":3,"minecraft:creeper":1}},"DataVersion":3955}