{"stats":{"minecraft:picked_up":{"minecraft:stick":1,"minecraft:rotten_flesh":2,"minecraft:jungle_log":1,"minecraft:wheat_seeds":1,"minecraft:wooden_pickaxe":1,"minecraft:jungle_planks":44,"minecraft:oak_sapling":4,"minecraft:dirt":31,"minecraft:cobblestone":24},"minecraft:used":{"minecraft:stone_axe":12,"minecraft:dirt":4,"minecraft:cooked_porkchop":3,"minecraft:stone_pickaxe":31,"minecraft:wooden_pickaxe":30},"minecraft:custom":{"minecraft:time_since_rest":5976,"minecraft:interact_with_furnace":2,"minecraft:crouch_one_cm":2056,"minecraft:play_time":5976,"minecraft:sprint_one_cm":24000,"minecraft:damage_taken":270,"minecraft:walk_one_cm":15865,"minecraft:sneak_time":732,"minecraft:mob_kills":2,"minecraft:jump":139,"minecraft:damage_dealt":663,"minecraft:time_since_death":5976,"minecraft:climb_one_cm":137,"minecraft:total_world_time":5976,"minecraft:interact_with_crafting_table":5,"minecraft:fall_one_cm":4213,"minecraft:fly_one_cm":28234},"minecraft:mined":{"minecraft:short_grass":8,"minecraft:grass_block":9,"minecraft:vine":1,"minecraft:dirt":22,"minecraft:stone":24,"minecraft:fern":1,"minecraft:oak_leaves":3},"minecraft:crafted":{"minecraft:cooked_porkchop":9,"minecraft:stone_axe":1,"minecraft:crafting_table":1,"minecraft:stick":4,"minecraft:air":0,"minecraft:stone_pickaxe":1,"minecraft:jungle_planks":4},"minecraft:killed":{"minecraft:zombie":2}},"DataVersion":3955}