{"stats":{"minecraft:picked_up":{"minecraft:cocoa_beans":4,"minecraft:crafting_table":6,"minecraft:feather":12,"minecraft:chicken":16,"minecraft:jungle_log":1,"minecraft:salmon":8,"minecraft:golden_pickaxe":1,"minecraft:leather":2,"minecraft:golden_leggings":1,"minecraft:wooden_pickaxe":2,"minecraft:shield":2,"minecraft:gunpowder":4,"minecraft:dirt":59,"minecraft:string":3,"minecraft:podzol":1,"minecraft:cooked_mutton":3,"minecraft:bone":4,"minecraft:wheat_seeds":4,"minecraft:beef":6,"minecraft:azalea":2,"minecraft:bamboo":102,"minecraft:moss_block":2,"minecraft:melon_slice":74,"minecraft:sugar_cane":5,"minecraft:oak_planks":7,"minecraft:furnace":2,"minecraft:egg":1,"minecraft:raw_iron":8,"minecraft:stick":5,"minecraft:pumpkin":14,"minecraft:torch":1,"minecraft:jungle_planks":48,"minecraft:diorite":10,"minecraft:stone_sword":1,"minecraft:arrow":5,"minecraft:rotten_flesh":10,"minecraft:stone_axe":2,"minecraft:granite":1,"minecraft:bone_meal":1,"minecraft:gray_wool":1,"minecraft:oak_sapling":8,"minecraft:mutton":8,"minecraft:coal":61,"minecraft:white_wool":6,"minecraft:cobblestone":126},"minecraft:used":{"minecraft:moss_block":2,"minecraft:diorite":10,"minecraft:stone_pickaxe":143,"minecraft:shield":14,"minecraft:wooden_pickaxe":30,"minecraft:cooked_chicken":5,"minecraft:salmon":4,"minecraft:torch":3,"minecraft:dirt":19,"minecraft:crafting_table":4,"minecraft:jungle_planks":4,"minecraft:granite":1,"minecraft:stone_axe":92,"minecraft:furnace":3,"minecraft:cooked_porkchop":9,"minecraft:podzol":1,"minecraft:egg":1,"minecraft:gray_wool":1},"minecraft:dropped":{"minecraft:golden_pickaxe":1,"minecraft:cobblestone":53,"minecraft:salmon":4,"minecraft:melon_slice":24,"minecraft:azalea":1,"minecraft:pumpkin":7,"minecraft:bone":4},"minecraft:custom":{"minecraft:interact_with_furnace":14,"minecraft:mob_kills":44,"minecraft:interact_with_crafting_table":8,"minecraft:time_since_death":41976,"minecraft:climb_one_cm":5580,"minecraft:time_since_rest":41976,"minecraft:sprint_one_cm":156566,"minecraft:damage_taken":1073,"minecraft:walk_one_cm":68667,"minecraft:damage_blocked_by_shield":1227,"minecraft:drop":8,"minecraft:damage_dealt":5242,"minecraft:swim_one_cm":45663,"minecraft:fly_one_cm":182684,"minecraft:open_chest":3,"minecraft:crouch_one_cm":9875,"minecraft:play_time":41976,"minecraft:sneak_time":3122,"minecraft:walk_under_water_one_cm":9446,"minecraft:jump":1023,"minecraft:walk_on_water_one_cm":13981,"minecraft:total_world_time":41976,"minecraft:fall_one_cm":21568},"minecraft:broken":{"minecraft:stone_pickaxe":1},"minecraft:mined":{"minecraft:jungle_leaves":2,"minecraft:crafting_table":4,"minecraft:granite":1,"minecraft:short_grass":19,"minecraft:grass_block":9,"minecraft:melon":3,"minecraft:tall_grass":3,"minecraft:cobblestone":1,"minecraft:diorite":10,"minecraft:moss_block":2,"minecraft:wall_torch":1,"minecraft:tall_seagrass":1,"minecraft:furnace":2,"minecraft:iron_ore":8,"minecraft:coal_ore":12,"minecraft:vine":1,"minecraft:dirt":23,"minecraft:azalea":1,"minecraft:stone":93,"minecraft:oak_leaves":11,"minecraft:fern":2},"minecraft:killed":{"minecraft:salmon":5,"minecraft:spider":1,"minecraft:creeper":1,"minecraft:sheep":4,"minecraft:skeleton":3,"minecraft:zombie":16,"minecraft:panda":1,"minecraft:chicken":10,"minecraft:cow":3},"minecraft:crafted":{"minecraft:cooked_porkchop":9,"minecraft:crafting_table":2,"minecraft:cooked_chicken":5,"minecraft:furnace":1,"minecraft:stone_axe":2,"minecraft:air":0,"minecraft:jungle_planks":4,"minecraft:stick":4,"minecraft:stone_pickaxe":2,"minecraft:torch":8}},"DataVersion":3955}